"id","id_proceso","id_resultado","fecha_hora_inicio","fecha_hora_fin","anotaciones"
"1","1","1","2024-11-01 08:00:00","2024-11-01 12:00:00","Diseño completado sin problemas. Diseño final aprobado por el equipo."
"2","1","3","2024-11-01 08:00:00","2024-11-01 11:30:00","Falta de coordinación entre diseñadores resultó en un concepto equivocado. El diseño fue rechazado y se tuvo que reiniciar el proceso."
"3","1","2","2024-11-02 08:00:00","2024-11-02 12:30:00","Diseño aprobado parcialmente. Se solicitaron algunos ajustes en el estilo para la colección de verano."
"4","1","1","2024-11-03 09:00:00","2024-11-03 13:00:00","Diseño ajustado conforme a los comentarios. Aprobación final exitosa."
"5","1","3","2024-11-04 08:00:00","2024-11-04 11:45:00","Errores de comunicación entre el departamento de diseño y la dirección de la marca causaron un retraso de 1 día en la finalización del diseño."
"6","1","1","2024-11-05 08:30:00","2024-11-05 12:00:00","Diseño completado a tiempo y sin inconvenientes. Aprobación final recibida."
"7","1","2","2024-11-06 08:00:00","2024-11-06 12:00:00","El diseño inicial no cumplió con los estándares de calidad. Se requirió una revisión exhaustiva."
"8","1","1","2024-11-07 09:00:00","2024-11-07 13:00:00","Diseño completamente optimizado y aprobado por el cliente final."
"9","1","3","2024-11-08 09:00:00","2024-11-08 12:00:00","Problemas con la elección de colores, lo que llevó a la cancelación del diseño original. Se realizó un nuevo diseño."
"10","1","2","2024-11-09 09:30:00","2024-11-09 12:30:00","Se ajustaron algunos detalles menores, pero el diseño general fue bien recibido."
"11","2","1","2024-11-10 08:00:00","2024-11-10 10:00:00","Materiales seleccionados conforme a los estándares de calidad y presupuesto."
"12","2","3","2024-11-10 09:00:00","2024-11-10 11:30:00","Se seleccionaron materiales incorrectos que no se ajustaban a las especificaciones. El proceso de selección tuvo que reiniciarse."
"13","2","1","2024-11-11 08:30:00","2024-11-11 10:30:00","Elección de materiales finalizada y aprobada por el equipo de producción."
"14","2","2","2024-11-12 08:00:00","2024-11-12 09:30:00","Problemas con la disponibilidad de telas. Algunas fueron sustituidas por materiales de menor calidad."
"15","2","1","2024-11-13 09:00:00","2024-11-13 10:30:00","Materiales adecuados seleccionados y con todo en orden."
"16","2","3","2024-11-14 08:00:00","2024-11-14 10:00:00","Error en la compra de materiales. Se compraron telas incorrectas, lo que causó un retraso en la producción."
"17","2","1","2024-11-15 08:30:00","2024-11-15 10:30:00","Elección de materiales y colores acorde con la colección. Aprobación total."
"18","2","2","2024-11-16 08:00:00","2024-11-16 09:30:00","Falta de control en la calidad de las telas. Algunos materiales fueron devueltos por defectos visibles."
"19","3","1","2024-11-17 08:00:00","2024-11-17 12:00:00","Corte realizado de acuerdo a las especificaciones, sin problemas."
"20","3","2","2024-11-17 08:30:00","2024-11-17 11:30:00","Hubo un error en las medidas del patrón, lo que causó un exceso de desperdicio de tela."
"21","3","1","2024-11-18 08:00:00","2024-11-18 12:00:00","Corte de tela ejecutado correctamente, sin imprevistos."
"22","3","3","2024-11-19 08:30:00","2024-11-19 11:00:00","Errores de precisión en el corte de las piezas. Se tuvo que deshacer el trabajo realizado en 3 paneles."
"23","3","1","2024-11-20 08:00:00","2024-11-20 11:30:00","El corte de tela se realizó sin inconvenientes. Todo el material está dentro de los parámetros de calidad."
"24","3","2","2024-11-21 08:30:00","2024-11-21 11:00:00","Hubo dificultades con las máquinas de corte. Se presentaron paradas no programadas, causando retrasos."
"25","3","1","2024-11-22 09:00:00","2024-11-22 12:00:00","Corte de tela realizado con precisión y calidad. Sin errores durante el proceso."
"26","3","3","2024-11-23 09:00:00","2024-11-23 11:30:00","Corte defectuoso en algunas piezas. El patrón fue incorrecto, causando ajustes posteriores."
"27","4","2","2024-11-24 08:00:00","2024-11-24 12:00:00","Problemas con la máquina de costura que generaron puntos débiles en las costuras. Fue necesario repararla."
"28","4","1","2024-11-25 08:30:00","2024-11-25 12:00:00","Costura realizada de acuerdo a lo planeado, sin inconvenientes."
"29","4","3","2024-11-26 08:00:00","2024-11-26 12:30:00","La tela fue demasiado fina y causó rasgaduras durante el proceso de costura. Esto afectó la calidad del producto."
"30","4","1","2024-11-27 09:00:00","2024-11-27 13:00:00","Todo el proceso de costura y ensamblaje salió bien, con buena terminación."
"31","4","2","2024-11-28 08:30:00","2024-11-28 11:00:00","Problemas con las costuras en las mangas. No cumplían con las especificaciones de diseño."
"32","4","1","2024-11-29 09:00:00","2024-11-29 12:00:00","Costura eficiente y sin contratiempos, con control de calidad integrado."
"33","4","3","2024-11-30 09:30:00","2024-11-30 11:30:00","Los hilos no fueron seleccionados adecuadamente. No eran lo suficientemente resistentes, lo que afectó la durabilidad."
"34","4","2","2024-12-01 08:00:00","2024-12-01 12:00:00","Error en la alineación de las piezas durante la costura. Se desajustaron varias secciones del diseño."
"35","5","1","2024-12-02 08:00:00","2024-12-02 12:00:00","Control de calidad aprobado. Producto conforme a los estándares requeridos."
"36","5","3","2024-12-03 08:00:00","2024-12-03 11:30:00","Error en el control de calidad. El vestido presentaba un defecto en la costura que pasó desapercibido."
"37","5","2","2024-12-04 08:00:00","2024-12-04 12:00:00","Control de calidad fallido. Hubo un error en la revisión del acabado, lo que llevó a que productos defectuosos fueran aprobados."
"38","5","1","2024-12-05 09:00:00","2024-12-05 12:30:00","Revisión satisfactoria, sin fallos detectados en el producto."
"39","5","3","2024-12-06 08:30:00","2024-12-06 11:00:00","Defectos en el teñido de la tela, lo que generó un rechazo de la producción completa."
"40","5","1","2024-12-07 09:00:00","2024-12-07 12:00:00","Aprobación total en el control de calidad. Producto listo para el siguiente proceso."
"41","5","2","2024-12-08 09:00:00","2024-12-08 11:00:00","Fallo en la verificación de las costuras. Varias piezas fueron rechazadas."
"42","5","3","2024-12-09 09:30:00","2024-12-09 12:00:00","La tela mostraba signos de deterioro durante el control de calidad. Se tuvo que rechazar parte de la producción."
"43","6","1","2024-12-10 08:00:00","2024-12-10 10:00:00","Embalaje realizado con éxito, todo conforme a los estándares."
"44","6","3","2024-12-11 08:30:00","2024-12-11 11:30:00","Problemas en el embalaje. Se enviaron productos dañados debido a una falta de materiales adecuados."
"45","6","1","2024-12-12 08:00:00","2024-12-12 10:00:00","Embalaje realizado sin problemas. Todos los productos listos para el envío."
"46","6","2","2024-12-13 09:00:00","2024-12-13 12:00:00","Se envió la cantidad equivocada de productos debido a un error en el conteo final."
"47","6","3","2024-12-14 08:30:00","2024-12-14 11:00:00","Envío erróneo de productos defectuosos. Se hicieron devoluciones y ajustes en el proceso."
"48","6","1","2024-12-15 09:00:00","2024-12-15 12:30:00","Envío exitoso de los productos terminados. Embalaje en perfectas condiciones."
"49","6","2","2024-12-16 09:30:00","2024-12-16 12:00:00","Problemas con la logística del envío. Se retrasó la entrega por falta de coordinación."
"50","6","3","2024-12-17 09:00:00","2024-12-17 11:00:00","El embalaje no cumplió con los estándares de seguridad. Algunos productos llegaron dañados al cliente final."
"51","7","1","2024-11-01 08:00:00","2024-11-01 12:00:00","Diseño aprobado sin modificaciones, todo conforme al brief inicial."
"52","7","3","2024-11-01 08:30:00","2024-11-01 12:30:00","El diseño no cumplió con las expectativas del cliente, se rechazó y se realizó una revisión completa."
"53","7","2","2024-11-02 08:00:00","2024-11-02 11:30:00","El diseño fue aprobado parcialmente, algunos ajustes menores fueron requeridos."
"54","7","1","2024-11-03 08:30:00","2024-11-03 12:00:00","Diseño final aprobado sin problemas, el cliente quedó satisfecho con los resultados."
"55","7","3","2024-11-04 09:00:00","2024-11-04 12:00:00","Errores de interpretación en las especificaciones del cliente, lo que resultó en un diseño incompleto."
"56","7","2","2024-11-05 09:00:00","2024-11-05 12:00:00","El diseño fue revisado y se realizaron algunas correcciones menores antes de la aprobación final."
"57","7","1","2024-11-06 08:00:00","2024-11-06 11:00:00","Diseño aprobado sin cambios, listo para continuar con la siguiente fase del proceso."
"58","7","3","2024-11-07 08:30:00","2024-11-07 11:30:00","El diseño no cumplió con los estándares de marca. Fue necesario rehacerlo desde cero, lo que causó retrasos significativos."
"59","7","2","2024-11-08 08:00:00","2024-11-08 11:00:00","El diseño fue aceptado, pero con algunos ajustes a los detalles que no cumplían con las expectativas del equipo de diseño."
"60","7","1","2024-11-09 09:00:00","2024-11-09 12:30:00","Diseño finalizado con éxito y aprobado sin necesidad de revisiones adicionales."
"61","8","1","2024-11-10 08:00:00","2024-11-10 10:00:00","Selección de telas realizada de acuerdo a las especificaciones, sin ningún contratiempo."
"62","8","3","2024-11-11 09:00:00","2024-11-11 11:00:00","Las telas seleccionadas no cumplían con los estándares de calidad, lo que causó un retraso significativo en la producción."
"63","8","2","2024-11-12 08:00:00","2024-11-12 10:30:00","Se eligieron telas de buena calidad, aunque hubo dificultades en la disponibilidad de las mismas."
"64","8","1","2024-11-13 09:00:00","2024-11-13 11:00:00","Materiales correctamente seleccionados y aprobados, todo conforme al plan de producción."
"65","8","3","2024-11-14 08:30:00","2024-11-14 11:30:00","La tela adquirida tenía defectos que fueron detectados tarde, lo que obligó a realizar una nueva compra."
"66","8","2","2024-11-15 09:00:00","2024-11-15 11:00:00","Se seleccionaron telas de alta calidad y dentro del presupuesto disponible. Todo en orden."
"67","8","1","2024-11-16 09:30:00","2024-11-16 11:00:00","Elección de telas completada con éxito, sin problemas de calidad ni de suministro."
"68","8","3","2024-11-17 08:30:00","2024-11-17 11:00:00","Las telas llegaron con defectos visibles, lo que obligó a enviar una nueva orden. El retraso afectó al cronograma de producción."
"69","8","2","2024-11-18 08:00:00","2024-11-18 10:00:00","Problemas con la entrega de las telas a tiempo, lo que retrasó el inicio de la producción."
"70","8","1","2024-11-19 09:00:00","2024-11-19 11:00:00","Selección de telas eficiente, con materiales de alta calidad que se ajustan perfectamente a las especificaciones del diseño."
"71","9","1","2024-11-20 08:00:00","2024-11-20 10:00:00","Corte realizado con precisión y de acuerdo con las especificaciones. Todo el material fue utilizado adecuadamente."
"72","9","2","2024-11-21 09:00:00","2024-11-21 11:00:00","Hubo errores en la medida de las piezas, lo que resultó en un desperdicio de tela y la necesidad de realizar un nuevo corte."
"73","9","1","2024-11-22 08:30:00","2024-11-22 11:00:00","Corte de tela completado correctamente y dentro del plazo establecido. No se presentó ningún problema."
"74","9","3","2024-11-23 09:00:00","2024-11-23 11:30:00","Las máquinas de corte no fueron calibradas adecuadamente, lo que causó un corte incorrecto y la necesidad de rehacer varias piezas."
"75","9","2","2024-11-24 08:00:00","2024-11-24 10:30:00","El corte fue realizado, pero algunas piezas fueron mal alineadas, lo que causó defectos visibles en las costuras."
"76","9","1","2024-11-25 08:30:00","2024-11-25 10:30:00","Corte eficiente y de alta calidad, sin pérdida de material. Todo el proceso transcurrió sin inconvenientes."
"77","9","3","2024-11-26 09:00:00","2024-11-26 11:30:00","Error en el patrón de corte que llevó a un desperdicio de más del 20% de tela, lo que afectó el presupuesto."
"78","9","2","2024-11-27 09:30:00","2024-11-27 11:00:00","El corte no cumplió con la precisión necesaria, lo que causó varios errores en la alineación de las piezas."
"79","9","1","2024-11-28 08:00:00","2024-11-28 10:00:00","Corte realizado de manera precisa y de acuerdo con los patrones establecidos."
"80","9","3","2024-11-29 09:00:00","2024-11-29 11:30:00","Deficiencias en el proceso de corte por un fallo en la máquina, lo que provocó un retraso y desperdicio de material."
"81","10","1","2024-11-30 08:00:00","2024-11-30 10:00:00","Costura realizada sin problemas, las piezas se ensamblaron correctamente y dentro del tiempo estimado."
"82","10","2","2024-12-01 09:00:00","2024-12-01 11:00:00","Se encontraron fallos en las costuras de las mangas, lo que llevó a la necesidad de rehacer parte del trabajo."
"83","10","1","2024-12-02 08:30:00","2024-12-02 11:00:00","Costura realizada correctamente. La calidad fue verificada y aprobada por el equipo de control."
"84","10","3","2024-12-03 08:00:00","2024-12-03 11:30:00","Se encontraron costuras defectuosas debido a la máquina de coser, lo que causó un rechazo parcial de la producción."
"85","10","2","2024-12-04 08:30:00","2024-12-04 11:00:00","El ensamblaje de piezas fue incompleto debido a errores en la secuencia de costura, lo que retrasó la producción."
"86","10","1","2024-12-05 09:00:00","2024-12-05 11:00:00","Costura perfecta y de acuerdo con los requisitos. No hubo problemas en la fabricación."
"87","10","3","2024-12-06 09:00:00","2024-12-06 11:30:00","Problemas en la calidad de las costuras debido al uso de hilos defectuosos. Esto provocó el rechazo de varias unidades."
"88","10","2","2024-12-07 08:00:00","2024-12-07 11:00:00","La costura fue aceptada, pero con observaciones menores relacionadas con el ajuste de las piezas."
"89","10","1","2024-12-08 09:00:00","2024-12-08 11:00:00","Costura sin errores y dentro del tiempo previsto. Todo conforme con las especificaciones de producción."
"90","10","3","2024-12-09 09:00:00","2024-12-09 11:00:00","Error en el proceso de costura que causó un retraso en la entrega final debido a la mala alineación de las piezas."
"91","11","1","2024-12-10 08:00:00","2024-12-10 10:00:00","Revisión final completa y sin observaciones, todo en orden. El producto está listo para el embalaje."
"92","11","3","2024-12-11 09:00:00","2024-12-11 11:00:00","El producto pasó la revisión pero se encontraron defectos menores en las costuras de las mangas, lo que requerirá una pequeña corrección."
"93","11","2","2024-12-12 08:30:00","2024-12-12 10:30:00","Revisión realizada de acuerdo con los estándares de calidad, pero se observó un pequeño error de cosido en el dobladillo."
"94","11","1","2024-12-13 09:00:00","2024-12-13 11:00:00","Revisión final exitosa sin problemas, el producto cumplió con todos los requisitos de calidad y diseño."
"95","11","3","2024-12-14 08:00:00","2024-12-14 11:30:00","La revisión reveló varios fallos en el acabado de las costuras. El error se debió a una falta de supervisión en la fase anterior."
"96","11","2","2024-12-15 09:00:00","2024-12-15 11:00:00","Los productos pasaron la revisión final, pero se identificaron algunas piezas que tenían un defecto menor en el diseño de las costuras."
"97","11","1","2024-12-16 09:00:00","2024-12-16 11:00:00","Todo aprobado en la revisión final. El producto fue entregado al departamento de embalaje sin observaciones."
"98","11","3","2024-12-17 08:30:00","2024-12-17 11:00:00","La revisión final reveló varios defectos por falta de atención al detalle en las costuras. Esto causó un retraso de 2 días en la producción."
"99","11","2","2024-12-18 08:00:00","2024-12-18 10:30:00","La revisión mostró una mejora en la calidad de los acabados. Sin embargo, se necesitó ajustar el ajuste de una de las piezas."
"100","11","1","2024-12-19 09:00:00","2024-12-19 11:00:00","La revisión final se realizó sin contratiempos y el producto fue aprobado para el siguiente paso en la producción."
"101","12","1","2024-12-20 08:00:00","2024-12-20 10:00:00","El embalaje se completó correctamente y en tiempo. El producto fue preparado para distribución sin inconvenientes."
"102","12","3","2024-12-21 09:00:00","2024-12-21 11:00:00","Durante el embalaje, se encontraron problemas con la integridad del producto, lo que causó la necesidad de reembalar varias unidades."
"103","12","2","2024-12-22 08:30:00","2024-12-22 10:00:00","El embalaje se realizó correctamente, aunque algunos productos tuvieron que ser ajustados debido a un pequeño error en el diseño del paquete."
"104","12","1","2024-12-23 09:00:00","2024-12-23 11:00:00","Proceso de embalaje ejecutado a tiempo y con alta precisión, todos los productos listos para la distribución."
"105","12","3","2024-12-24 08:00:00","2024-12-24 11:30:00","Se detectó que los empaques no eran lo suficientemente resistentes, por lo que algunos productos llegaron dañados. Este error provocó una devolución parcial."
"106","12","2","2024-12-25 08:30:00","2024-12-25 10:30:00","Durante el embalaje, se produjo un error con las etiquetas de distribución, lo que ocasionó una confusión en los envíos."
"107","12","1","2024-12-26 09:00:00","2024-12-26 11:00:00","El embalaje se completó satisfactoriamente, todo se organizó y etiquetó correctamente para la distribución a tiempo."
"108","12","3","2024-12-27 08:30:00","2024-12-27 11:00:00","Problemas con el embalaje debido a un error en el tamaño de los envases. Algunos productos llegaron con daños durante el transporte."
"109","12","2","2024-12-28 09:00:00","2024-12-28 11:30:00","El embalaje fue eficiente, pero se detectaron algunos productos con imperfecciones en el acabado que se enviaron por error."
"110","12","1","2024-12-29 08:00:00","2024-12-29 10:00:00","Embalaje sin problemas, todos los productos se empaquetaron correctamente y fueron enviados dentro del plazo."
"111","13","1","2024-12-30 08:00:00","2024-12-30 10:00:00","El diseño de los pantalones fue aprobado sin observaciones. Todos los detalles estuvieron conforme a las expectativas del cliente."
"112","13","3","2025-01-02 09:00:00","2025-01-02 11:00:00","El diseño fue rechazado debido a que no cumplía con los requisitos de ajuste. Se requirió una revisión completa del diseño."
"113","13","2","2025-01-03 08:30:00","2025-01-03 11:00:00","Diseño aprobado tras pequeños ajustes en el patrón. El equipo de diseño se mostró satisfecho con los cambios realizados."
"114","13","1","2025-01-04 08:00:00","2025-01-04 10:00:00","El diseño fue aceptado sin comentarios. Todo en orden para continuar con la producción de los pantalones."
"115","13","3","2025-01-05 09:00:00","2025-01-05 11:00:00","Errores de proporción en el diseño, lo que obligó a rehacer todo el patrón de los pantalones, causando un retraso de 2 días."
"116","13","2","2025-01-06 08:30:00","2025-01-06 10:30:00","Diseño finalizado y aprobado, aunque se necesitó modificar algunos detalles en la colocación de los bolsillos."
"117","13","1","2025-01-07 09:00:00","2025-01-07 11:00:00","Diseño aprobado y sin correcciones necesarias. El equipo quedó satisfecho con el resultado final."
"118","13","3","2025-01-08 08:00:00","2025-01-08 10:00:00","El diseño fue insuficiente, ya que no se ajustaba a las expectativas del cliente. Hubo que realizar un ajuste significativo, lo que retrasó el cronograma."
"119","13","2","2025-01-09 09:00:00","2025-01-09 11:00:00","Diseño satisfactorio pero con ciertos detalles que tuvieron que ser corregidos antes de la aprobación final."
"120","13","1","2025-01-10 08:30:00","2025-01-10 10:30:00","Diseño final aprobado sin contratiempos, con todos los ajustes completados y aceptados por el equipo de diseño."
"121","14","1","2025-01-11 08:00:00","2025-01-11 10:00:00","Los materiales seleccionados cumplen con los requisitos de calidad. El proceso fue satisfactorio y dentro del tiempo estimado."
"122","14","3","2025-01-12 09:00:00","2025-01-12 11:00:00","Problemas con la calidad de los materiales seleccionados. Se detectaron imperfecciones en algunos de los tejidos que obligaron a una nueva selección."
"123","14","2","2025-01-13 08:30:00","2025-01-13 10:30:00","Selección adecuada de materiales, pero algunos lotes presentaron defectos visibles que retrasaron el avance."
"124","14","1","2025-01-14 09:00:00","2025-01-14 11:00:00","Los materiales fueron aprobados sin observaciones, todo en orden para continuar con la producción."
"125","14","3","2025-01-15 08:30:00","2025-01-15 10:30:00","Se detectaron problemas con el color y la textura de algunos materiales. Fue necesario un replanteamiento del stock disponible."
"126","14","2","2025-01-16 09:00:00","2025-01-16 11:00:00","Selección correcta de materiales, sin problemas, todo listo para el corte."
"127","14","1","2025-01-17 08:00:00","2025-01-17 10:00:00","Todos los materiales seleccionados cumplieron con los estándares de calidad y estaban disponibles para el siguiente paso en la producción."
"128","14","3","2025-01-18 09:30:00","2025-01-18 11:00:00","Hubo un error al recibir los materiales, algunos lotes no coincidieron con las especificaciones. Se necesitaron ajustes en la cantidad solicitada."
"129","14","2","2025-01-19 08:00:00","2025-01-19 10:00:00","Selección satisfactoria de materiales, con ligera variación en la textura de un lote que fue aprobado después de una revisión adicional."
"130","14","1","2025-01-20 08:30:00","2025-01-20 10:30:00","Selección de materiales sin inconvenientes, todo en orden y de acuerdo con los estándares previstos."
"131","15","1","2025-01-21 08:00:00","2025-01-21 10:00:00","Corte de tela ejecutado correctamente, sin errores, cumpliendo con las dimensiones y diseño requeridos."
"132","15","3","2025-01-22 09:00:00","2025-01-22 11:00:00","Errores durante el corte de tela debido a un fallo en la máquina. Esto resultó en la pérdida de material y un retraso en la producción."
"133","15","2","2025-01-23 08:30:00","2025-01-23 10:30:00","Corte correcto, pero hubo una pequeña desviación en las medidas que se corrigió a tiempo."
"134","15","1","2025-01-24 08:00:00","2025-01-24 10:00:00","Corte realizado con precisión y de acuerdo a los patrones establecidos. No se reportaron fallos."
"135","15","3","2025-01-25 09:30:00","2025-01-25 11:00:00","Problemas con el corte de tela, hubo irregularidades en las piezas debido a un error en la calibración de la máquina."
"136","15","2","2025-01-26 08:00:00","2025-01-26 10:00:00","El corte fue aceptable, pero algunos bordes de la tela no quedaron perfectamente alineados, lo que provocó un ajuste posterior."
"137","15","1","2025-01-27 09:00:00","2025-01-27 11:00:00","Corte exitoso y dentro de los estándares requeridos. Todos los materiales fueron aprovechados sin desperdicio."
"138","15","3","2025-01-28 08:00:00","2025-01-28 10:30:00","Error en la máquina de corte que causó que se cortaran piezas incorrectas. Se perdió material, lo que retrasó la entrega."
"139","15","2","2025-01-29 08:30:00","2025-01-29 10:30:00","Corte de tela correcto, pero se necesitaron ajustes adicionales debido a la variación en el grosor del material."
"140","15","1","2025-01-30 08:00:00","2025-01-30 10:00:00","Corte sin inconvenientes. Se completó dentro del tiempo estimado sin necesidad de correcciones."
"141","16","1","2025-02-01 08:00:00","2025-02-01 10:00:00","Montaje de piezas completado de acuerdo con el diseño y las instrucciones. Todo correcto sin fallos."
"142","16","3","2025-02-02 09:00:00","2025-02-02 11:00:00","Problemas con el montaje de piezas debido a una mala organización de las piezas cortadas. Esto causó un retraso en el ensamblaje."
"143","16","2","2025-02-03 08:30:00","2025-02-03 10:30:00","Montaje realizado sin problemas mayores, pero se requirieron ajustes menores en la colocación de las piezas para garantizar un ajuste perfecto."
"144","16","1","2025-02-04 08:00:00","2025-02-04 10:00:00","Montaje perfecto, con todas las piezas alineadas y ensambladas según las especificaciones del diseño."
"145","16","3","2025-02-05 09:00:00","2025-02-05 11:00:00","Fallo en la alineación de las piezas debido a un error en la colocación de las partes durante el montaje. Esto causó un retraso en la producción."
"146","16","2","2025-02-06 08:30:00","2025-02-06 10:30:00","El montaje de las piezas fue satisfactorio, pero algunos componentes necesitaban más tiempo para encajar correctamente."
"147","16","1","2025-02-07 09:00:00","2025-02-07 11:00:00","Montaje de piezas correcto y dentro del tiempo estimado. Se completó sin contratiempos y conforme al diseño."
"148","16","3","2025-02-08 08:00:00","2025-02-08 10:00:00","Durante el montaje de las piezas se presentó un error en la secuencia de ensamblaje, lo que causó un retraso de 1 día en el proceso."
"149","16","2","2025-02-09 08:30:00","2025-02-09 10:30:00","Montaje realizado sin problemas. Todos los elementos se ensamblaron correctamente con la maquinaria disponible."
"150","16","1","2025-02-10 09:00:00","2025-02-10 11:00:00","Montaje eficiente y sin fallos. Todo el proceso se completó a tiempo, listo para pasar al siguiente paso."
"151","17","1","2025-02-11 08:00:00","2025-02-11 10:00:00","Revisión detallada de los pantalones completada con éxito. Todo en orden y dentro de las especificaciones. Proceso satisfactorio."
"152","17","2","2025-02-12 09:00:00","2025-02-12 11:00:00","El control de calidad reveló algunos detalles de costura irregular, lo que requirió pequeños ajustes. No afectó la calidad global del producto."
"153","17","3","2025-02-13 08:30:00","2025-02-13 10:30:00","Se encontraron varios defectos en los pantalones, especialmente en los acabados de los bordes. Esto resultó en un retraso considerable en la producción."
"154","17","1","2025-02-14 08:00:00","2025-02-14 10:00:00","La calidad de los pantalones fue revisada con éxito, sin inconvenientes. Se pasaron todos los controles sin ninguna observación negativa."
"155","17","2","2025-02-15 09:00:00","2025-02-15 11:00:00","Los pantalones pasaron el control de calidad, pero se observaron algunas imperfecciones en el tejido que fueron corregidas a tiempo."
"156","17","3","2025-02-16 08:00:00","2025-02-16 10:00:00","Durante la inspección de calidad, se descubrió que algunas costuras no eran resistentes y necesitaron rehacerse, lo que resultó en un retraso en la entrega."
"157","17","1","2025-02-17 09:30:00","2025-02-17 11:30:00","El control de calidad fue exitoso. Todos los pantalones fueron aprobados sin problemas. El producto cumple con los requisitos de calidad establecidos."
"158","17","3","2025-02-18 08:30:00","2025-02-18 10:00:00","Hubo varios problemas de calidad con los pantalones, incluyendo fallos en los acabados y algunos daños durante el proceso de costura. Necesitaron ser revisados nuevamente."
"159","17","2","2025-02-19 08:00:00","2025-02-19 10:00:00","Revisión de calidad completada sin grandes inconvenientes, pero algunos detalles menores fueron observados en los pantalones. No obstante, el producto es apto para la venta."
"160","17","1","2025-02-20 09:00:00","2025-02-20 11:00:00","El control de calidad se realizó sin contratiempos. Los pantalones cumplen con los estándares de diseño y durabilidad establecidos."
"161","18","1","2025-02-21 08:00:00","2025-02-21 10:00:00","Los pantalones fueron preparados correctamente para la venta. El etiquetado y empaquetado se realizaron conforme a las normativas."
"162","18","2","2025-02-22 09:00:00","2025-02-22 11:00:00","La preparación para la venta fue satisfactoria, pero algunos pantalones necesitaron reajustes en su etiquetado debido a una variación en el tamaño."
"163","18","3","2025-02-23 08:00:00","2025-02-23 10:00:00","Problemas en la preparación para la venta. Hubo errores en el empaquetado de los pantalones, causando confusión con los pedidos y un retraso en la distribución."
"164","18","1","2025-02-24 08:30:00","2025-02-24 10:30:00","Los pantalones fueron etiquetados y empaquetados correctamente. La preparación fue completa y lista para la venta en tiendas."
"165","18","3","2025-02-25 09:00:00","2025-02-25 11:00:00","La preparación para la venta falló debido a problemas con el etiquetado incorrecto, lo que obligó a rehacer el proceso, causando un retraso."
"166","18","2","2025-02-26 08:00:00","2025-02-26 10:00:00","La preparación fue en su mayoría correcta, pero algunos detalles fueron mejorables, como el empaquetado de los pantalones que necesitaba más cuidado."
"167","18","1","2025-02-27 08:30:00","2025-02-27 10:30:00","Proceso de preparación para la venta exitoso y sin errores. Los pantalones fueron preparados a tiempo y están listos para ser distribuidos."
"168","18","3","2025-02-28 09:00:00","2025-02-28 11:00:00","Hubo errores en la asignación de etiquetas a los pantalones, lo que causó confusión en la preparación para la venta y un retraso en el proceso."
"169","18","2","2025-03-01 08:00:00","2025-03-01 10:00:00","La preparación de los pantalones para la venta fue en su mayoría adecuada, pero algunos detalles de etiquetado fueron mejorables."
"170","18","1","2025-03-02 09:00:00","2025-03-02 11:00:00","La preparación para la venta fue completamente satisfactoria, sin inconvenientes en etiquetado ni empaquetado. Los pantalones están listos para su distribución."
"171","19","1","2025-03-03 08:00:00","2025-03-03 10:00:00","El diseño de la chaqueta fue completado satisfactoriamente, con todas las especificaciones requeridas. El diseño fue aprobado sin cambios."
"172","19","2","2025-03-04 08:30:00","2025-03-04 10:00:00","El diseño fue aprobado, aunque se recomendaron pequeños ajustes en las proporciones para mejorar el ajuste. El diseño fue revisado por el equipo de diseño."
"173","19","3","2025-03-05 08:00:00","2025-03-05 09:30:00","El diseño de la chaqueta tuvo errores en los detalles y proporciones. Necesita rehacerse, ya que el concepto final no fue aprobado por los supervisores."
"174","19","1","2025-03-06 08:00:00","2025-03-06 10:00:00","El diseño fue aprobado sin modificaciones. Cumple con todas las expectativas del equipo de diseño y la marca. El proceso fue satisfactorio."
"175","19","2","2025-03-07 09:00:00","2025-03-07 10:30:00","Diseño aprobado, pero algunos detalles menores fueron modificados para mejorar la estética y la funcionalidad. El diseño ahora cumple con todos los requisitos."
"176","19","3","2025-03-08 08:30:00","2025-03-08 10:30:00","El diseño presentó varios problemas que afectan la viabilidad del producto, por lo que fue rechazado. Se solicita rediseñar la chaqueta."
"177","19","1","2025-03-09 08:00:00","2025-03-09 10:00:00","Diseño satisfactorio que fue aprobado por el equipo de producción. El diseño final cumple con las expectativas."
"178","19","2","2025-03-10 09:30:00","2025-03-10 11:00:00","El diseño fue revisado y ajustado para cumplir mejor con las necesidades de producción. El proceso fue un poco más largo debido a algunos cambios."
"179","19","3","2025-03-11 08:30:00","2025-03-11 10:00:00","Errores significativos en la elección de materiales en el diseño. La propuesta fue rechazada debido a que no se alineaba con los requisitos de la empresa."
"180","19","1","2025-03-12 09:00:00","2025-03-12 11:00:00","Diseño aceptado sin inconvenientes. Los ajustes propuestos fueron implementados de manera exitosa y se aprobó sin necesidad de cambios adicionales."
"181","20","2","2025-03-14 09:00:00","2025-03-14 10:30:00","Selección de materiales satisfactoria. Se seleccionaron telas adecuadas, aunque se recomendó revisar más opciones para aumentar la durabilidad."
"182","20","3","2025-03-15 08:30:00","2025-03-15 10:30:00","Hubo problemas con la calidad de los materiales seleccionados. Algunas telas presentaron defectos, lo que causó retrasos en el proceso de producción."
"183","20","1","2025-03-16 08:00:00","2025-03-16 10:00:00","Selección de materiales realizada exitosamente, sin inconvenientes. Los materiales son apropiados y cumplen con las especificaciones de diseño y resistencia."
"184","20","2","2025-03-17 09:30:00","2025-03-17 11:00:00","Se seleccionaron los materiales, pero algunos no cumplen completamente con los estándares de durabilidad. Se ajustarán en la siguiente producción."
"185","20","3","2025-03-18 08:00:00","2025-03-18 09:30:00","Durante la selección de materiales, se detectaron problemas de compatibilidad entre las telas y el diseño. Se deberá buscar una alternativa."
"186","20","1","2025-03-19 08:00:00","2025-03-19 10:00:00","Selección de materiales cumplió con todas las expectativas. Se eligieron telas de excelente calidad, adecuadas para la confección de la chaqueta."
"187","20","3","2025-03-20 09:00:00","2025-03-20 11:00:00","Algunos de los materiales seleccionados no pasaron las pruebas de calidad, lo que llevó a un retraso en la fase de producción."
"188","20","2","2025-03-21 08:30:00","2025-03-21 10:00:00","La selección de materiales fue adecuada, aunque algunos de los materiales utilizados fueron más caros de lo previsto. Se está buscando reducir costos."
"189","20","1","2025-03-22 09:00:00","2025-03-22 11:00:00","El proceso de selección de materiales fue completamente satisfactorio, no hubo problemas ni cambios, todo está dentro de lo esperado."
"190","21","1","2025-03-23 08:00:00","2025-03-23 10:00:00","El corte y ensamblaje de la chaqueta se realizó de acuerdo con el diseño y las especificaciones. Proceso exitoso y sin contratiempos."
"191","21","2","2025-03-24 09:00:00","2025-03-24 10:30:00","Hubo pequeñas irregularidades en los cortes de algunas piezas, lo que requirió algunos ajustes en el proceso. Sin embargo, el producto final fue aceptable."
"192","21","3","2025-03-25 08:00:00","2025-03-25 10:00:00","El corte de las piezas no fue preciso, lo que causó errores de ensamblaje y la necesidad de rehacer varias partes. Este proceso no fue satisfactorio."
"193","21","1","2025-03-26 08:30:00","2025-03-26 10:30:00","El corte y ensamblaje fue completado sin errores. Las piezas encajaron correctamente y el proceso de ensamblaje avanzó sin problemas."
"194","21","2","2025-03-27 08:00:00","2025-03-27 09:30:00","Aunque el corte fue preciso, se encontraron algunos desajustes menores en el ensamblaje de las piezas que debieron ser corregidos antes de continuar."
"195","21","3","2025-03-28 09:00:00","2025-03-28 10:00:00","El corte y ensamblaje presentaron problemas significativos. Varias piezas fueron cortadas incorrectamente, lo que causó un retraso en la producción."
"196","21","1","2025-03-29 08:00:00","2025-03-29 10:00:00","Todo el corte y ensamblaje se realizó de acuerdo con las instrucciones. No se encontraron fallos y el producto está listo para la siguiente etapa."
"197","21","2","2025-03-30 09:30:00","2025-03-30 11:00:00","El corte fue correcto, pero hubo pequeños ajustes que se debieron hacer en la alineación de las piezas. El ensamblaje fue algo más lento de lo esperado."
"198","21","3","2025-03-31 08:00:00","2025-03-31 09:30:00","El corte de las piezas no se realizó correctamente, lo que causó un considerable retraso en el ensamblaje. El proceso tuvo que ser repetido."
"199","21","1","2025-04-01 08:30:00","2025-04-01 10:30:00","El corte y ensamblaje de las piezas fue completado sin problemas. El proceso avanzó según lo planeado y se logró un buen ensamblaje sin defectos."
"200","22","1","2025-04-02 08:00:00","2025-04-02 10:00:00","La costura y los detalles se realizaron sin inconvenientes. Los acabados fueron de buena calidad y las costuras fueron precisas."
"201","22","2","2025-04-03 08:30:00","2025-04-03 10:00:00","La costura fue satisfactoria, pero algunos detalles menores no fueron tan precisos como se esperaba. Se hicieron correcciones menores durante el proceso."
"202","22","3","2025-04-04 08:00:00","2025-04-04 09:30:00","La costura presentó varios errores en las piezas, lo que provocó que se tuviera que deshacer varias costuras. El proceso fue ineficiente."
"203","22","1","2025-04-05 09:00:00","2025-04-05 10:30:00","La costura se completó con éxito, sin errores. Los detalles, como los bordes y acabados, se realizaron perfectamente."
"204","22","2","2025-04-06 08:30:00","2025-04-06 10:00:00","Aunque la costura fue en su mayoría buena, algunos detalles de los bordes fueron imperfectos y tuvieron que ser ajustados. El proceso tardó un poco más."
"205","22","3","2025-04-07 08:00:00","2025-04-07 09:30:00","Hubo problemas graves con la costura de la chaqueta, causando un gran retraso en la producción. Algunas piezas debieron ser cosidas nuevamente."
"206","22","1","2025-04-08 08:30:00","2025-04-08 10:00:00","La costura se completó satisfactoriamente. Se utilizaron técnicas avanzadas para los detalles y se completó dentro del plazo previsto."
"207","22","2","2025-04-09 09:00:00","2025-04-09 10:30:00","Los detalles de la costura fueron buenos, pero se detectaron pequeñas imperfecciones en algunos acabados. Aún así, el trabajo cumplió con los requisitos."
"208","22","3","2025-04-10 08:00:00","2025-04-10 09:30:00","La costura no cumplió con las expectativas. Se presentó un problema significativo con el hilo utilizado, lo que provocó roturas y problemas en las costuras."
"209","22","1","2025-04-11 08:30:00","2025-04-11 10:30:00","La costura y los detalles fueron satisfactorios y se realizaron conforme a lo esperado. Los acabados fueron revisados y aprobados sin inconvenientes."
"210","23","1","2025-04-12 08:00:00","2025-04-12 10:00:00","La revisión de calidad fue exitosa. Todos los puntos fueron aprobados y la chaqueta cumple con los estándares de calidad de la empresa."
"211","23","2","2025-04-13 09:30:00","2025-04-13 11:00:00","La chaqueta pasó la mayoría de las pruebas, pero algunos detalles en las costuras fueron revisados y corregidos antes de continuar con el embalaje."
"212","23","3","2025-04-14 08:00:00","2025-04-14 09:30:00","La chaqueta no pasó la revisión de calidad debido a varias costuras defectuosas que no cumplen con el estándar de resistencia. Necesita ser reevaluada."
"213","23","1","2025-04-15 08:00:00","2025-04-15 10:00:00","Revisión de calidad aprobada sin contratiempos. Todos los estándares fueron cumplidos y la chaqueta fue etiquetada para su distribución."
"214","23","2","2025-04-16 08:30:00","2025-04-16 10:00:00","Durante la revisión de calidad, algunos acabados fueron corregidos, pero no se presentaron fallos graves. El proceso fue aceptable."
"215","23","3","2025-04-17 09:00:00","2025-04-17 10:30:00","La revisión de calidad no fue aprobada debido a defectos visibles en la tela, lo que obliga a realizar más correcciones antes de la distribución."
"216","23","1","2025-04-18 08:00:00","2025-04-18 10:30:00","La revisión de calidad fue realizada de manera eficiente y todos los detalles fueron aprobados. El producto está listo para el siguiente proceso."
"217","23","2","2025-04-19 09:30:00","2025-04-19 11:00:00","La chaqueta pasó la mayoría de las pruebas de calidad, pero algunos pequeños defectos fueron encontrados en los acabados, que se ajustaron antes de continuar."
"218","23","3","2025-04-20 08:00:00","2025-04-20 09:30:00","Los resultados de la revisión de calidad fueron insatisfactorios debido a defectos en las costuras, lo que requirió un nuevo ciclo de producción para corregirlos."
"219","23","1","2025-04-21 08:30:00","2025-04-21 10:00:00","La chaqueta pasó todas las pruebas de calidad y fue aprobada para su distribución. Se cumplió con los tiempos de entrega."
"220","24","1","2025-04-22 08:00:00","2025-04-22 10:00:00","El embalaje y envío fueron realizados de manera eficiente. La chaqueta fue embalada correctamente y se envió según lo previsto."
"221","24","2","2025-04-23 09:00:00","2025-04-23 10:30:00","El embalaje fue satisfactorio, pero hubo un retraso en la salida debido a un error en la dirección de envío. Sin embargo, el problema se resolvió rápidamente."
"222","24","3","2025-04-24 08:00:00","2025-04-24 09:30:00","El embalaje presentó problemas con los materiales de protección. La chaqueta sufrió daños durante el embalaje y se tuvo que rehacer el proceso."
"223","24","1","2025-04-25 08:30:00","2025-04-25 10:00:00","El embalaje y envío se completaron exitosamente sin ningún contratiempo. La chaqueta fue enviada al cliente en perfecto estado."
"224","24","2","2025-04-26 09:00:00","2025-04-26 10:30:00","Se completó el embalaje sin errores. Sin embargo, el envío se demoró un poco debido a un error logístico, pero se resolvió con prontitud."
"225","24","3","2025-04-27 08:00:00","2025-04-27 09:30:00","Hubo un retraso en el embalaje y envío debido a una equivocación en la cantidad de productos listos para envío. Esto causó demoras significativas."
"226","24","1","2025-04-28 08:30:00","2025-04-28 10:00:00","El embalaje y envío fueron satisfactorios. El proceso fue rápido y eficiente, sin errores de embalaje ni problemas en la logística de envío."
"227","24","2","2025-04-29 09:00:00","2025-04-29 10:30:00","Hubo algunos pequeños inconvenientes con los materiales de embalaje, pero no afectaron el envío. El producto fue entregado dentro del plazo."
"228","24","3","2025-04-30 08:00:00","2025-04-30 09:30:00","El proceso de embalaje y envío fue un fracaso debido a una falta de coordinación con el transportista. El producto no llegó a tiempo y se presentaron inconvenientes."
"229","24","1","2025-05-01 08:00:00","2025-05-01 10:00:00","El embalaje y envío se completaron según lo planeado. La chaqueta llegó sin daños y el proceso fue eficiente."
"230","28","1","2025-05-02 08:00:00","2025-05-02 10:00:00","La costura de la falda fue completada sin incidentes. Las costuras fueron precisas y la tela no sufrió ningún daño."
"231","28","2","2025-05-03 08:30:00","2025-05-03 10:00:00","El trabajo de costura fue bueno en general, pero algunos bordes fueron ligeramente desalineados, lo que causó pequeñas correcciones."
"232","28","3","2025-05-04 08:00:00","2025-05-04 09:30:00","La costura no fue exitosa. La tela sufrió daños durante el proceso, y se requirió rehacer varias secciones de la falda."
"233","28","1","2025-05-05 09:00:00","2025-05-05 10:30:00","La costura se realizó sin problemas. Todos los puntos fueron firmes y precisos, y la calidad de la tela se mantuvo intacta."
"234","28","2","2025-05-06 08:00:00","2025-05-06 09:30:00","El proceso de costura fue aceptable, pero hubo algunas dificultades con las telas en las costuras de las mangas, lo que retrasó la entrega."
"235","28","3","2025-05-07 08:30:00","2025-05-07 10:00:00","Hubo fallos en la costura debido a un error en el patrón de costura utilizado. Varias costuras se rompieron y fueron necesarias reparaciones adicionales."
"236","28","1","2025-05-08 08:00:00","2025-05-08 10:00:00","El proceso de costura fue realizado correctamente y no hubo inconvenientes. La calidad del producto final es excelente."
"237","28","2","2025-05-09 08:30:00","2025-05-09 10:00:00","Hubo un pequeño retraso debido a la falta de algunos materiales de costura, pero en general, la falda fue completada satisfactoriamente."
"238","28","3","2025-05-10 08:00:00","2025-05-10 09:30:00","La costura fue deficiente. La falda se deshizo en varias partes y el patrón de costura no fue seguido adecuadamente."
"239","28","1","2025-05-11 08:00:00","2025-05-11 09:30:00","La costura fue realizada con precisión y el producto cumplió con los estándares de calidad sin problemas."
"240","29","1","2025-05-12 08:00:00","2025-05-12 10:00:00","La falda pasó el control de calidad sin problemas. No se detectaron fallos y fue aprobada para el siguiente paso."
"241","29","2","2025-05-13 09:00:00","2025-05-13 10:30:00","Aunque la falda pasó la mayor parte del control de calidad, se identificaron algunos hilos sueltos que fueron corregidos antes de continuar."
"242","29","3","2025-05-14 08:00:00","2025-05-14 09:30:00","La falda no cumplió con los estándares de calidad. La tela presentó defectos evidentes que tuvieron que ser corregidos antes de continuar."
"243","29","1","2025-05-15 08:00:00","2025-05-15 09:30:00","El control de calidad fue satisfactorio. Todos los detalles fueron revisados y no hubo problemas significativos."
"244","29","2","2025-05-16 09:30:00","2025-05-16 11:00:00","La falda pasó el control de calidad, pero se hicieron ajustes en los acabados para mejorar la presentación."
"245","29","3","2025-05-17 08:00:00","2025-05-17 09:30:00","El control de calidad no fue aprobado debido a un defecto en la tela que fue detectado tardíamente. Se enviaron los productos nuevamente para su reparación."
"246","29","1","2025-05-18 08:30:00","2025-05-18 10:00:00","La falda pasó todas las pruebas de calidad sin problemas. Fue aprobada para el siguiente proceso de embalaje."
"247","29","2","2025-05-19 09:00:00","2025-05-19 10:30:00","Hubo una pequeña corrección en la calidad de la tela, pero la falda pasó satisfactoriamente el control de calidad."
"248","29","3","2025-05-20 08:00:00","2025-05-20 09:30:00","La falda no pasó el control de calidad debido a un defecto grave en las costuras, lo que retrasó el proceso de fabricación."
"249","29","1","2025-05-21 08:00:00","2025-05-21 10:00:00","La revisión de calidad fue exitosa. No se encontraron defectos y la falda pasó las pruebas sin problemas."
"250","30","1","2025-05-22 08:00:00","2025-05-22 10:00:00","El embalaje y envío fueron realizados correctamente. La falda fue embalada sin daños y se envió a tiempo al cliente."
"251","30","2","2025-05-23 09:00:00","2025-05-23 10:30:00","Hubo un pequeño problema con el embalaje, pero fue solucionado a tiempo. La falda fue entregada sin daños."
"252","30","3","2025-05-24 08:00:00","2025-05-24 09:30:00","El proceso de embalaje fue defectuoso, lo que resultó en una falda dañada durante el envío. El cliente reportó el problema."
"253","30","1","2025-05-25 08:30:00","2025-05-25 10:00:00","El embalaje fue realizado de manera eficiente. No hubo problemas durante el envío, y el producto llegó a tiempo."
"254","30","2","2025-05-26 09:00:00","2025-05-26 10:30:00","El embalaje fue adecuado, pero hubo un retraso en la salida debido a un error en la dirección de envío, aunque el problema fue resuelto rápidamente."
"255","30","3","2025-05-27 08:00:00","2025-05-27 09:30:00","El embalaje y envío fueron un fracaso. Se produjo un daño en la falda durante el proceso de embalaje debido a un mal manejo de los materiales."
"256","30","1","2025-05-28 08:00:00","2025-05-28 10:00:00","El embalaje fue satisfactorio y el envío se realizó dentro del tiempo estimado. La falda llegó al cliente sin problemas."
"257","30","2","2025-05-29 08:30:00","2025-05-29 10:00:00","Hubo una ligera demora debido a la falta de material de embalaje adecuado, pero la falda llegó en buenas condiciones y a tiempo."
"258","30","3","2025-05-30 08:00:00","2025-05-30 09:30:00","Hubo fallos en el embalaje que causaron retrasos y un daño en el producto durante el transporte. El proceso de envío fue ineficiente."
"259","30","1","2025-05-31 08:00:00","2025-05-31 09:30:00","El embalaje y el envío fueron exitosos. El cliente recibió la falda en perfecto estado dentro del plazo establecido."
"260","31","1","2025-06-01 08:00:00","2025-06-01 10:00:00","El diseño de la blusa fue exitoso. Se establecieron los patrones y detalles finales sin inconvenientes."
"261","31","2","2025-06-02 09:00:00","2025-06-02 11:00:00","El diseño de la blusa fue satisfactorio, pero hubo algunos ajustes pequeños en los detalles de las mangas que requirieron revisión."
"262","31","3","2025-06-03 08:00:00","2025-06-03 09:30:00","El diseño no fue exitoso debido a un error en los patrones. Los detalles no se alineaban correctamente, lo que obligó a realizar un rediseño."
"263","31","1","2025-06-04 08:00:00","2025-06-04 10:30:00","El diseño fue completado sin problemas. Los patrones se ajustaron perfectamente y fueron aprobados para continuar con el siguiente paso."
"264","31","2","2025-06-05 08:00:00","2025-06-05 09:30:00","Aunque el diseño fue aprobado, se realizaron correcciones menores en los bordes de la blusa para mejorar la estética general."
"265","31","3","2025-06-06 08:30:00","2025-06-06 10:00:00","El diseño presentó varios problemas con la elección del tipo de tela, lo que llevó a un cambio completo de la concepción inicial."
"266","31","1","2025-06-07 09:00:00","2025-06-07 10:30:00","El diseño de la blusa se completó correctamente y se pasaron todos los controles de calidad preliminares sin inconvenientes."
"267","31","2","2025-06-08 08:30:00","2025-06-08 10:00:00","El diseño fue revisado con éxito, pero el proceso de aprobación fue algo demorado debido a la complejidad del patrón original."
"268","31","3","2025-06-09 08:00:00","2025-06-09 09:30:00","Hubo fallos en el diseño, ya que los patrones no coincidían correctamente con el tipo de tela seleccionada. Esto causó un retraso significativo."
"269","31","1","2025-06-10 08:00:00","2025-06-10 10:00:00","Diseño aprobado sin inconvenientes. Todos los detalles fueron verificados y la blusa pasó a la siguiente etapa de selección de telas."
"270","32","1","2025-06-11 08:00:00","2025-06-11 10:00:00","La selección de telas fue exitosa. Se eligió una seda de alta calidad que cumple con los requisitos del diseño."
"271","32","2","2025-06-12 08:30:00","2025-06-12 10:00:00","Se eligió una tela adecuada, pero hubo dificultades con la textura y el color de la seda, lo que retrasó la selección final."
"272","32","3","2025-06-13 09:00:00","2025-06-13 10:30:00","La selección de telas no fue exitosa debido a que las telas disponibles no cumplían con los estándares de calidad requeridos para el diseño."
"273","32","1","2025-06-14 08:30:00","2025-06-14 10:00:00","La selección de telas fue realizada correctamente y la seda seleccionada fue aprobada sin problemas para la confección de la blusa."
"274","32","2","2025-06-15 08:00:00","2025-06-15 09:30:00","Hubo algunos inconvenientes con la tela en cuanto a la resistencia, pero se solucionaron y fue aceptada para la siguiente etapa."
"275","32","3","2025-06-16 08:00:00","2025-06-16 09:30:00","La tela seleccionada no fue adecuada. Hubo problemas con la calidad del tejido, lo que generó que se cambiara por otra opción de tela."
"276","32","1","2025-06-17 08:00:00","2025-06-17 10:00:00","La selección de la tela fue exitosa y no presentó inconvenientes. Se aprobó para continuar con la etapa de corte de tela."
"277","32","2","2025-06-18 08:30:00","2025-06-18 10:00:00","La tela seleccionada cumplió con los estándares de calidad, pero se tomaron varias muestras antes de la aprobación final."
"278","32","3","2025-06-19 09:00:00","2025-06-19 10:30:00","La tela seleccionada presentó defectos visibles, como manchas que fueron identificadas durante el proceso de revisión. Se requirió una nueva búsqueda."
"279","32","1","2025-06-20 08:00:00","2025-06-20 10:00:00","La tela fue seleccionada sin problemas. La calidad es excelente y se ajusta perfectamente a los requerimientos del diseño de la blusa."
"280","33","1","2025-06-21 08:00:00","2025-06-21 10:00:00","El corte de la tela fue exitoso. La tela fue cortada de acuerdo con el patrón sin problemas y sin errores."
"281","33","2","2025-06-22 08:00:00","2025-06-22 09:30:00","El corte de tela fue aceptable, pero se produjo un pequeño deslizamiento de la cuchilla que causó algunas imperfecciones."
"282","33","3","2025-06-23 08:00:00","2025-06-23 09:30:00","El corte de tela no fue exitoso. La tela se desgarró en algunas áreas debido a una mala configuración de la máquina. Se requirieron ajustes."
"283","33","1","2025-06-24 08:00:00","2025-06-24 09:30:00","El corte de tela fue realizado de manera eficiente y precisa, y todas las piezas necesarias fueron obtenidas sin defectos."
"284","33","2","2025-06-25 09:00:00","2025-06-25 10:00:00","El corte fue aceptable, aunque hubo algunos errores menores en la alineación del patrón, lo que llevó a pequeños ajustes."
"285","33","3","2025-06-26 08:00:00","2025-06-26 09:30:00","El corte de tela fue defectuoso. La tela se estiró y algunas partes no se cortaron correctamente, lo que requirió un nuevo corte."
"286","33","1","2025-06-27 08:00:00","2025-06-27 09:30:00","El corte de tela se completó con éxito y la tela fue perfectamente ajustada al patrón, lista para la siguiente fase."
"287","33","2","2025-06-28 08:30:00","2025-06-28 10:00:00","El corte fue satisfactorio, pero algunas partes de la tela no quedaron bien alineadas, lo que requeriría un pequeño ajuste posterior."
"288","33","3","2025-06-29 08:00:00","2025-06-29 09:30:00","Hubo un gran error en el corte de tela, donde se produjeron varios desgarros. Fue necesario rehacer el corte de todas las piezas."
"289","33","1","2025-06-30 08:00:00","2025-06-30 09:30:00","Corte de tela realizado con éxito. No hubo errores y todas las piezas fueron cortadas perfectamente de acuerdo con el diseño."
"290","34","1","2025-07-01 08:00:00","2025-07-01 10:30:00","La costura se realizó correctamente, las piezas encajaron bien y la blusa adquirió su forma final."
"291","34","2","2025-07-02 08:30:00","2025-07-02 10:00:00","Durante la costura, se produjeron algunos desajustes en los detalles del cuello, pero fueron corregidos sin mayores inconvenientes."
"292","34","3","2025-07-03 08:00:00","2025-07-03 09:30:00","Hubo problemas con la costura de la blusa, ya que la tela se desgarró en varias partes debido a la tensión incorrecta de la máquina. Se requirió deshacer y volver a coser."
"293","34","1","2025-07-04 08:00:00","2025-07-04 10:00:00","La costura se completó con éxito, las costuras fueron sólidas y la blusa pasó a la siguiente fase sin problemas."
"294","34","2","2025-07-05 08:00:00","2025-07-05 09:30:00","Aunque la costura fue generalmente exitosa, se notaron algunos pequeños errores en el dobladillo que necesitaron ajustes menores."
"295","34","3","2025-07-06 08:00:00","2025-07-06 09:00:00","La costura de la blusa no fue exitosa debido a que hubo varios problemas con el hilo y la máquina de coser. Se hizo necesario reiniciar el proceso."
"296","34","1","2025-07-07 08:00:00","2025-07-07 10:00:00","Costura exitosa, todos los detalles de la blusa fueron cosidos correctamente y la pieza quedó lista para la revisión final."
"297","34","2","2025-07-08 08:00:00","2025-07-08 10:00:00","La costura fue generalmente buena, pero algunos detalles finos no fueron cosidos con precisión y fueron corregidos."
"298","34","3","2025-07-09 08:30:00","2025-07-09 10:00:00","Hubo múltiples fallos en la costura, particularmente en los bordes, lo que hizo necesario rehacer las costuras de la blusa."
"299","34","1","2025-07-10 08:00:00","2025-07-10 10:30:00","La costura se completó con éxito y todos los detalles de la blusa fueron verificados y aprobados."
"300","35","1","2025-07-11 08:00:00","2025-07-11 10:00:00","El control de calidad se realizó correctamente, la blusa cumple con todos los estándares de calidad establecidos."
"301","35","2","2025-07-12 08:00:00","2025-07-12 10:30:00","El control de calidad fue satisfactorio, pero se encontraron algunos hilos sueltos que fueron corregidos antes de la aprobación final."
"302","35","3","2025-07-13 08:00:00","2025-07-13 09:30:00","El control de calidad no fue satisfactorio. Se encontraron defectos en la costura y el dobladillo, lo que resultó en una revaluación completa del producto."
"303","35","1","2025-07-14 08:00:00","2025-07-14 10:00:00","La blusa pasó todos los controles de calidad sin problemas. El producto es apto para el embalaje y envío."
"304","35","2","2025-07-15 08:30:00","2025-07-15 10:00:00","Durante el control de calidad, algunos detalles de la blusa no fueron perfectos, pero fueron corregidos sin retrasar el proceso."
"305","35","3","2025-07-16 08:00:00","2025-07-16 09:00:00","Hubo varios problemas durante el control de calidad, incluyendo defectos en el tejido y el mal acabado de la costura, lo que llevó a un rechazo de la pieza."
"306","35","1","2025-07-17 08:00:00","2025-07-17 09:30:00","El control de calidad fue satisfactorio y la blusa fue aprobada para continuar al proceso de embalaje y envío."
"307","35","2","2025-07-18 08:00:00","2025-07-18 09:30:00","La blusa pasó la mayoría de las pruebas de calidad, pero hubo pequeños defectos que no comprometían la calidad general del producto."
"308","35","3","2025-07-19 08:00:00","2025-07-19 09:30:00","La pieza fue rechazada durante el control de calidad debido a fallos graves en la tela, especialmente en las costuras de la parte inferior de la blusa."
"309","35","1","2025-07-20 08:00:00","2025-07-20 10:00:00","La blusa pasó todas las pruebas de calidad sin problemas y se consideró lista para la fase de embalaje y envío."
"310","36","1","2025-07-21 08:00:00","2025-07-21 09:30:00","El embalaje y envío de la blusa se completó sin problemas. La blusa fue cuidadosamente empaquetada y enviada a su destino."
"311","36","2","2025-07-22 08:30:00","2025-07-22 10:00:00","El embalaje fue satisfactorio, pero hubo un pequeño retraso en la recolección del paquete debido a problemas con la logística de envío."
"312","36","3","2025-07-23 08:00:00","2025-07-23 09:30:00","El proceso de embalaje y envío no fue satisfactorio debido a un error en la dirección de envío, lo que causó un retraso significativo."
"313","36","1","2025-07-24 08:00:00","2025-07-24 09:30:00","El embalaje fue completado con éxito y el producto fue enviado correctamente a su destino sin problemas."
"314","36","2","2025-07-25 08:00:00","2025-07-25 09:30:00","El embalaje y envío fueron satisfactorios, pero el paquete sufrió un pequeño daño durante el transporte, lo cual fue documentado para su revisión."
"315","36","3","2025-07-26 08:00:00","2025-07-26 09:00:00","Hubo problemas durante el embalaje debido a un error en el etiquetado, lo que llevó a que el paquete fuera enviado a la dirección incorrecta."
"316","36","1","2025-07-27 08:00:00","2025-07-27 09:30:00","El embalaje y el envío fueron realizados con éxito, sin ningún inconveniente, y la blusa llegó a tiempo."
"317","36","2","2025-07-28 08:00:00","2025-07-28 09:30:00","El embalaje fue adecuado, pero la blusa sufrió pequeños daños en el proceso de manipulación, lo que requirió reparaciones menores antes de ser enviada."
"318","36","3","2025-07-29 08:00:00","2025-07-29 09:30:00","El proceso de embalaje y envío falló debido a un error de logística que causó que el paquete no fuera enviado dentro del tiempo previsto."
"319","36","1","2025-07-30 08:00:00","2025-07-30 09:30:00","El embalaje fue realizado de manera eficiente y la blusa fue enviada correctamente sin ningún error."
